dept_code,title_en,title_fr,name,name_en,name_fr,start_date,end_date,witness_id,deadline
AGC,Attorney General of Canada,Procureur général du Canada,Arif Virani,"Virani, Arif (Hon.)","Virani, Arif (L’hon.)",2023-07-26T10:30:00,,299999,2023-11-23T10:30:00
AGC,Attorney General of Canada,Procureur général du Canada,David Lametti,"Lametti, David (Hon.)","Lametti, David (L’hon.)",2019-01-14T10:00:01,2023-07-26T10:29:59,278945,2019-05-14T10:00:01
AMF,Associate Minister of Finance,Ministre associée des Finances,Randy Boissonnault,"Boissonnault, Randy (Hon.)","Boissonnault, Randy (L’hon.)",2021-10-26T10:30:00,2023-07-26T10:29:59,,2022-02-23T10:30:00
AMF,Associate Minister of Finance,Ministre associée des Finances,Mona Fortier,"Fortier, Mona (Hon.)","Fortier, Mona (L’hon.)",2019-11-20T15:00:00,2021-10-26T10:29:59,278907,2020-03-19T15:00:00
AMH,Associate Minister of Health,Ministre associée de la santé,Ya'ara Saks,"Saks, Ya'ara (Hon.)","Saks, Ya'ara (L’hon.)",2023-07-26T10:30:00,,300007,2023-11-23T10:30:00
AMH,Associate Minister of Health,Ministre associée de la santé,Carolyn Bennett,"Bennett, Carolyn (Hon.)","Bennett, Carolyn (L’hon.)",2021-10-26T10:30:00,2023-07-26T10:29:59,278939,2022-02-23T10:30:00
AMND,Associate Minister of National Defence,Ministre associé de la Défense nationale,Ginette Petitpas Taylor,"Petitpas Taylor, Ginette (Hon.)","Petitpas Taylor, Ginette (L’hon.)",2023-07-26T10:30:00,,300036,2023-11-23T10:30:00
AMND,Associate Minister of National Defence,Ministre associé de la Défense nationale,Lawrence MacAulay,"MacAulay, Lawrence (Hon.)","MacAulay, Lawrence (L’hon.)",2019-03-01T10:30:01,2023-07-26T10:29:59,246259,2019-06-29T10:30:01
DPM,Deputy Prime Minister,Vice-première ministre,Chrystia Freeland,"Freeland, Chrystia (Hon.)","Freeland, Chrystia (L’hon.)",2019-11-20T15:00:00,,253365,2020-03-19T15:00:00
LGHC,Leader of the Government in the House of Commons,Leader du gouvernement à la Chambre des communes,Karina Gould,"Gould, Karina (Hon.)","Gould, Karina (L’hon.)",2023-07-26T10:30:00,,253393,2023-11-23T10:30:00
LGHC,Leader of the Government in the House of Commons,Leader du gouvernement à la Chambre des communes,Mark Holland,"Holland, Mark (Hon.)","Holland, Mark (L’hon.)",2021-10-26T10:30:00,2023-07-26T10:29:59,300010,2022-02-23T10:30:00
LGHC,Leader of the Government in the House of Commons,Leader du gouvernement à la Chambre des communes,Pablo Rodriguez,"Rodriguez, Pablo (Hon.)","Rodriguez, Pablo (L’hon.)",2019-11-20T15:00:00,2021-10-26T10:29:59,300025,2020-03-19T15:00:00
MAA,Minister of Agriculture and Agri-Food,Ministre de l'Agriculture et de l'Agroalimentaire,Lawrence MacAulay,"MacAulay, Lawrence (Hon.)","MacAulay, Lawrence (L’hon.)",2023-07-26T10:30:00,,246259,2023-11-23T10:30:00
MAA,Minister of Agriculture and Agri-Food,Ministre de l'Agriculture et de l'Agroalimentaire,Marie-Claude Bibeau,"Bibeau, Marie-Claude (Hon.)","Bibeau, Marie-Claude (L’hon.)",2019-03-01T10:30:01,2023-07-26T10:29:59,,2019-06-29T10:30:01
MCH,Minister of Canadian Heritage,Ministre du Patrimoine canadien,Pascale St-Onge,"St-Onge, Pascale (Hon.)","St-Onge, Pascale (L’hon.)",2023-07-26T10:30:00,,278949,2023-11-23T10:30:00
MCH,Minister of Canadian Heritage,Ministre du Patrimoine canadien,Pablo Rodriguez,"Rodriguez, Pablo (Hon.)","Rodriguez, Pablo (L’hon.)",2021-10-26T10:30:00,2023-07-26T10:29:59,300025,2022-02-23T10:30:00
MCH,Minister of Canadian Heritage,Ministre du Patrimoine canadien,Steven Guilbeault,"Guilbeault, Steven (Hon.)","Guilbeault, Steven (L’hon.)",2019-11-20T15:00:00,2021-10-26T10:29:59,278910,2020-03-19T15:00:00
MCR,Minister of Crown-Indigenous Relations,Ministre des Relations Couronne-Autochtones,Gary Anandasangaree,"Anandasangaree, Gary (Hon.)","Anandasangaree, Gary (L’hon.)",2023-07-26T10:30:00,,299998,2023-11-23T10:30:00
MCR,Minister of Crown-Indigenous Relations,Ministre des Relations Couronne-Autochtones,Marc Miller,"Miller, Marc (Hon.)","Miller, Marc (L’hon.)",2021-10-26T10:30:00,2023-07-26T10:29:59,253378,2022-02-23T10:30:00
MCR,Minister of Crown-Indigenous Relations,Ministre des Relations Couronne-Autochtones,Carolyn Bennett,"Bennett, Carolyn (Hon.)","Bennett, Carolyn (L’hon.)",2017-08-28T13:12:00,2021-10-26T10:29:59,278939,2017-12-26T13:12:00
MCS,Minister of Citizens’ Services,Ministre des services aux citoyens,Terry Beech,"Beech, Terry (Hon.)","Beech, Terry (L’hon.)",2023-07-26T10:30:00,,300037,2023-11-23T10:30:00
MDG,Minister of Digital Government,Ministre du Gouvernement numérique,Joyce Murray,"Murray, Joyce (Hon.)","Murray, Joyce (L’hon.)",2019-03-18T00:00:00,2021-10-26T10:29:59,278923,2019-07-16T00:00:00
MDIPD,"Minister of Diversity, Inclusion and Persons with Disabilities","Ministre de la diversité, de l’inclusion et des personnes en situation de handicap",Kamal Khera,"Khera, Kamal (Hon.)","Khera, Kamal (L’hon.)",2023-07-26T10:30:00,,278919,2023-11-23T10:30:00
MDIY,Minister of Diversity and Inclusion and Youth,Ministre de la Diversité et de l’Inclusion et de la Jeunesse,Bardish Chagger,"Chagger, Bardish (Hon.)","Chagger, Bardish (L’hon.)",2019-11-20T15:00:00,2021-10-26T10:29:59,253404,2020-03-19T15:00:00
MECC,Minister of Environment and Climate Change,Ministre de l'Environnement et du Changement climatique,Steven Guilbeault,"Guilbeault, Steven (Hon.)","Guilbeault, Steven (L’hon.)",2021-10-26T10:30:00,,278910,2022-02-23T10:30:00
MECC,Minister of Environment and Climate Change,Ministre de l'Environnement et du Changement climatique,Jonathan Wilkinson,"Wilkinson, Jonathan (Hon.)","Wilkinson, Jonathan (L’hon.)",2019-11-20T15:00:00,2021-10-26T10:29:59,278937,2020-03-19T15:00:00
MED,Minister of Economic Development,Ministre du Développement économique,Mélanie Joly,"Joly, Mélanie (Hon.)","Joly, Mélanie (L’hon.)",2019-11-20T15:00:00,2021-10-26T10:29:59,253380,2020-03-19T15:00:00
MENR,Minister of Energy and Natural Resources,Ministre de l’énergie et des ressources naturelles,Jonathan Wilkinson,"Wilkinson, Jonathan (Hon.)","Wilkinson, Jonathan (L’hon.)",2023-07-26T10:30:00,,278937,2023-11-23T10:30:00
MEP,Minister of Emergency Preparedness,Ministre de la protection civile,Harjit S. Sajjan,"Sajjan, Harjit S. (Hon.)","Sajjan, Harjit S. (L’hon.)",2023-07-26T10:30:00,,300020,2023-11-23T10:30:00
MEP,Minister of Emergency Preparedness,Ministre de la protection civile,Bill Blair,"Blair, Bill (Hon.)","Blair, Bill (L’hon.)",2021-10-26T10:30:00,2023-07-26T10:29:59,278903,2022-02-23T10:30:00
MEPITED,"Minister of Export Promotion, International Trade and Economic Development","Ministre de la promotion des exportations, du commerce international et du développement économique",Mary Ng,"Ng, Mary (Hon.)","Ng, Mary (L’hon.)",2023-07-26T10:30:00,,253401,2023-11-23T10:30:00
MEWDDI,"Minister of Employment, Workforce Development and Disability Inclusion","Ministre de l’Emploi, du Développement de la main-d’œuvre et de l'Inclusion des personnes handicapées",Carla Qualtrough,"Qualtrough, Carla (Hon.)","Qualtrough, Carla (L’hon.)",2021-10-26T10:30:00,2023-07-26T10:29:59,300028,2022-02-23T10:30:00
MEWDDI,"Minister of Employment, Workforce Development and Disability Inclusion","Ministre de l’Emploi, du Développement de la main-d’œuvre et de l'Inclusion des personnes handicapées",Carla Qualtrough,"Qualtrough, Carla (Hon.)","Qualtrough, Carla (L’hon.)",2019-11-20T15:00:00,2021-10-26T10:29:59,300028,2020-03-19T15:00:00
MEWDOL,"Minister of Employment, Workforce Development and Official Languages","Ministre de l’emploi, du développement de la main-d’œuvre et des langues officielles",Randy Boissonnault,"Boissonnault, Randy (Hon.)","Boissonnault, Randy (L’hon.)",2023-07-26T10:30:00,,,2023-11-23T10:30:00
MF,Minister of Finance,Ministre des Finances,Chrystia Freeland,"Freeland, Chrystia (Hon.)","Freeland, Chrystia (L’hon.)",2020-08-18T15:00:00,,253365,2020-12-16T15:00:00
MF,Minister of Finance,Ministre des Finances,Bill Morneau,"Morneau, Bill (Hon.)","Morneau, Bill (L’hon.)",2015-11-04T10:45:00,2020-08-17T23:59:59,214320,2016-03-03T10:45:00
MFA,Minister of Foreign Affairs,Ministre des Affaires étrangères,Mélanie Joly,"Joly, Mélanie (Hon.)","Joly, Mélanie (L’hon.)",2021-10-26T10:30:00,,253380,2022-02-23T10:30:00
MFA,Minister of Foreign Affairs,Ministre des Affaires étrangères,Marc Garneau,"Garneau, Marc (Hon.)","Garneau, Marc (L’hon.)",2021-01-12T00:00:00,2021-10-26T10:29:59,214333,2021-05-12T00:00:00
MFA,Minister of Foreign Affairs,Ministre des Affaires étrangères,François-Philippe Champagne,"Champagne, François-Philippe (Hon.)","Champagne, François-Philippe (L’hon.)",2019-11-20T15:00:00,2021-01-11T23:59:59,271243,2020-03-19T15:00:00
MFCSD,"Minister of Families, Children and Social Development","Ministre de la Famille, des Enfants et du Développement social",Jenna Sudds,"Sudds, Jenna (Hon.)","Sudds, Jenna (L’hon.)",2023-07-26T10:30:00,,300002,2023-11-23T10:30:00
MFCSD,"Minister of Families, Children and Social Development","Ministre de la Famille, des Enfants et du Développement social",Karina Gould,"Gould, Karina (Hon.)","Gould, Karina (L’hon.)",2021-10-26T10:30:00,2023-07-26T10:29:59,253393,2022-02-23T10:30:00
MFCSD,"Minister of Families, Children and Social Development","Ministre de la Famille, des Enfants et du Développement social",Ahmed Hussen,"Hussen, Ahmed (Hon.)","Hussen, Ahmed (L’hon.)",2019-11-20T15:00:00,2021-10-26T10:29:59,300012,2020-03-19T15:00:00
MFOCCG,"Minister of Fisheries, Oceans and the Canadian Coast Guard","Ministre des Pêches, des Océans et de la Garde côtière canadienne",Diane Lebouthillier,"Lebouthillier, Diane (Hon.)","Lebouthillier, Diane (L’hon.)",2023-07-26T10:30:00,,278637,2023-11-23T10:30:00
MFOCCG,"Minister of Fisheries, Oceans and the Canadian Coast Guard","Ministre des Pêches, des Océans et de la Garde côtière canadienne",Joyce Murray,"Murray, Joyce (Hon.)","Murray, Joyce (L’hon.)",2021-10-26T10:30:00,2023-07-26T10:29:59,278923,2022-02-23T10:30:00
MFOCCG,"Minister of Fisheries, Oceans and the Canadian Coast Guard","Ministre des Pêches, des Océans et de la Garde côtière canadienne",Bernadette Jordan,"Jordan, Bernadette (Hon.)","Jordan, Bernadette (L’hon.)",2019-11-20T15:00:00,2021-10-26T10:29:59,253373,2020-03-19T15:00:00
MH,Minister of Health,Ministre de la Santé,Mark Holland,"Holland, Mark (Hon.)","Holland, Mark (L’hon.)",2023-07-26T10:30:00,,300010,2023-11-23T10:30:00
MH,Minister of Health,Ministre de la Santé,Jean-Yves Duclos,"Duclos, Jean-Yves (Hon.)","Duclos, Jean-Yves (L’hon.)",2021-10-26T10:30:00,2023-07-26T10:29:59,253369,2022-02-23T10:30:00
MH,Minister of Health,Ministre de la Santé,Patty Hajdu,"Hajdu, Patty (Hon.)","Hajdu, Patty (L’hon.)",2019-11-20T15:00:00,2021-10-26T10:29:59,278911,2020-03-19T15:00:00
MHDI,Minister of Housing and Diversity and Inclusion,Ministre du logement et de la diversité et de l’inclusion,Ahmed Hussen,"Hussen, Ahmed (Hon.)","Hussen, Ahmed (L’hon.)",2021-10-26T10:30:00,2023-07-26T10:29:59,300012,2022-02-23T10:30:00
MHIC,"Minister of Housing, Infrastructure and Communities","Ministre du logement, de l’infrastructure et des collectivités",Sean Fraser,"Fraser, Sean (Hon.)","Fraser, Sean (L’hon.)",2023-07-26T10:30:00,,278908,2023-11-23T10:30:00
MIA,Minister of Intergovernmental Affairs,Ministre des Affaires intergouvernementales,Dominic LeBlanc,"LeBlanc, Dominic (Hon.)","LeBlanc, Dominic (L’hon.)",2020-08-18T15:00:00,2021-10-26T10:29:59,263834,2020-12-16T15:00:00
MIA,Minister of Intergovernmental Affairs,Ministre des Affaires intergouvernementales,Chrystia Freeland,"Freeland, Chrystia (Hon.)","Freeland, Chrystia (L’hon.)",2019-11-20T15:00:00,2020-08-18T14:59:59,253365,2020-03-19T15:00:00
MIAIC,"Minister of Intergovernmental Affairs, Infrastructure and Communities","Ministre des affaires intergouvernementales, de l’infrastructure et des collectivités",Dominic LeBlanc,"LeBlanc, Dominic (Hon.)","LeBlanc, Dominic (L’hon.)",2021-10-26T10:30:00,2023-07-26T10:29:59,263834,2022-02-23T10:30:00
MIC,Minister of Infrastructure and Communities,Ministre de l'Infrastructure et des Collectivités,Catherine McKenna,"McKenna, Catherine (Hon.)","McKenna, Catherine (L’hon.)",2019-11-20T15:00:00,2021-10-26T10:29:59,253366,2020-03-19T15:00:00
MID,Minister of International Development,Ministre du Développement international,Ahmed Hussen,"Hussen, Ahmed (Hon.)","Hussen, Ahmed (L’hon.)",2023-07-26T10:30:00,,300012,2023-11-23T10:30:00
MID,Minister of International Development,Ministre du Développement international,Harjit S. Sajjan,"Sajjan, Harjit S. (Hon.)","Sajjan, Harjit S. (L’hon.)",2021-10-26T10:30:00,2023-07-26T10:29:59,300020,2022-02-23T10:30:00
MID,Minister of International Development,Ministre du Développement international,Karina Gould,"Gould, Karina (Hon.)","Gould, Karina (L’hon.)",2019-11-20T15:00:00,2021-10-26T10:29:59,253393,2020-03-19T15:00:00
MIRC,"Minister of Immigration, Refugees and Citizenship","Ministre de l’Immigration, des Réfugiés et de la Citoyenneté",Marc Miller,"Miller, Marc (Hon.)","Miller, Marc (L’hon.)",2023-07-26T10:30:00,,253378,2023-11-23T10:30:00
MIRC,"Minister of Immigration, Refugees and Citizenship","Ministre de l’Immigration, des Réfugiés et de la Citoyenneté",Sean Fraser,"Fraser, Sean (Hon.)","Fraser, Sean (L’hon.)",2021-10-26T10:30:00,2023-07-26T10:29:59,278908,2022-02-23T10:30:00
MIRC,"Minister of Immigration, Refugees and Citizenship","Ministre de l’Immigration, des Réfugiés et de la Citoyenneté",Marco Mendicino,"Mendicino, Marco (Hon.)","Mendicino, Marco (L’hon.)",2019-11-20T15:00:00,2021-10-26T10:29:59,278921,2020-03-19T15:00:00
MIS,Minister of Indigenous Services,Ministre des Services aux Autochtones,Patty Hajdu,"Hajdu, Patty (Hon.)","Hajdu, Patty (L’hon.)",2021-10-26T10:30:00,,278911,2022-02-23T10:30:00
MIS,Minister of Indigenous Services,Ministre des Services aux Autochtones,Marc Miller,"Miller, Marc (Hon.)","Miller, Marc (L’hon.)",2019-11-20T15:00:00,2021-10-26T10:29:59,253378,2020-03-19T15:00:00
MISI,"Minister of Innovation, Science and Industry","Ministre de l'Innovation, des Sciences et de l'Industrie",François-Philippe Champagne,"Champagne, François-Philippe (Hon.)","Champagne, François-Philippe (L’hon.)",2021-01-12T00:00:00,,271243,2021-05-12T00:00:00
MISI,"Minister of Innovation, Science and Industry","Ministre de l'Innovation, des Sciences et de l'Industrie",Navdeep Bains,"Bains, Navdeep (Hon.)","Bains, Navdeep (L’hon.)",2019-11-20T15:00:00,2021-01-12T23:59:59,253394,2020-03-19T15:00:00
MIT,Minister of International Trade,Ministre du Commerce international,Mary Ng,"Ng, Mary (Hon.)","Ng, Mary (L’hon.)",2019-11-20T15:00:00,2021-10-26T10:29:59,253401,2020-03-19T15:00:00
MITEPSBED,"Minister of International Trade, Export Promotion, Small Business and Economic Development","Ministre du commerce international, de la promotion des exportations, de la petite entreprise et du développement économique",Mary Ng,"Ng, Mary (Hon.)","Ng, Mary (L’hon.)",2021-10-26T10:30:00,2023-07-26T10:29:59,253401,2022-02-23T10:30:00
MJ,Minister of Justice,Ministre de la Justice,Arif Virani,"Virani, Arif (Hon.)","Virani, Arif (L’hon.)",2023-07-26T10:30:00,,299999,2023-11-23T10:30:00
MJ,Minister of Justice,Ministre de la Justice,David Lametti,"Lametti, David (Hon.)","Lametti, David (L’hon.)",2019-01-14T10:00:01,2023-07-26T10:29:59,278945,2019-05-14T10:00:01
ML,Minister of Labour,Ministre du Travail,Seamus O'Regan,"O'Regan, Seamus (Hon.)","O'Regan, Seamus (L’hon.)",2021-10-26T10:30:00,2023-07-26T10:29:59,253374,2022-02-23T10:30:00
ML,Minister of Labour,Ministre du Travail,Filomena Tassi,"Tassi, Filomena (Hon.)","Tassi, Filomena (L’hon.)",2019-11-20T15:00:00,2021-10-26T10:29:59,,2020-03-19T15:00:00
MLS,Minister of Labour and Seniors,Ministre du travail et des aînés,Seamus O'Regan,"O'Regan, Seamus (Hon.)","O'Regan, Seamus (L’hon.)",2023-07-26T10:30:00,,253374,2023-11-23T10:30:00
MLS,Minister of Labour and Seniors,Ministre du travail et des aînés,Steven MacKinnon,,,2024-07-19T09:24:00,,,2024-11-16T09:24:00
MMCP,Minister of Middle Class Prosperity,Ministre de la Prospérité de la classe moyenne,Mona Fortier,"Fortier, Mona (Hon.)","Fortier, Mona (L’hon.)",2019-11-20T15:00:00,2021-10-26T10:29:59,278907,2020-03-19T15:00:00
MMHA,Minister of Mental Health and Addictions,Ministre de la santé mentale et des dépendances,Ya'ara Saks,"Saks, Ya'ara (Hon.)","Saks, Ya'ara (L’hon.)",2023-07-26T10:30:00,,300007,2023-11-23T10:30:00
MMHA,Minister of Mental Health and Addictions,Ministre de la santé mentale et des dépendances,Carolyn Bennett,"Bennett, Carolyn (Hon.)","Bennett, Carolyn (L’hon.)",2021-10-26T10:30:00,2023-07-26T10:29:59,278939,2022-02-23T10:30:00
MNA,Minister of Northern Affairs,Ministre des Affaires du Nord,Dan Vandal,"Vandal, Dan (Hon.)","Vandal, Dan (L’hon.)",2019-11-20T15:00:00,,253397,2020-03-19T15:00:00
MND,Minister of National Defence,Ministre de la Défense nationale,Bill Blair,"Blair, Bill (Hon.)","Blair, Bill (L’hon.)",2023-07-26T10:30:00,,278903,2023-11-23T10:30:00
MND,Minister of National Defence,Ministre de la Défense nationale,Anita Anand,"Anand, Anita (Hon.)","Anand, Anita (L’hon.)",2021-10-26T10:30:00,2023-07-26T10:29:59,300030,2022-02-23T10:30:00
MND,Minister of National Defence,Ministre de la Défense nationale,Harjit S. Sajjan,"Sajjan, Harjit S. (Hon.)","Sajjan, Harjit S. (L’hon.)",2015-11-04T10:45:00,2021-10-26T10:29:59,300020,2016-03-03T10:45:00
MNR,Minister of National Revenue,Ministre du Revenu national,Marie-Claude Bibeau,"Bibeau, Marie-Claude (Hon.)","Bibeau, Marie-Claude (L’hon.)",2023-07-26T10:30:00,,,2023-11-23T10:30:00
MNR,Minister of National Revenue,Ministre du Revenu national,Diane Lebouthillier,"Lebouthillier, Diane (Hon.)","Lebouthillier, Diane (L’hon.)",2015-11-04T10:45:00,2023-07-26T10:29:59,278637,2016-03-03T10:45:00
MNR1,Minister of Natural Resources,Ministre des Ressources naturelles,Jonathan Wilkinson,"Wilkinson, Jonathan (Hon.)","Wilkinson, Jonathan (L’hon.)",2021-10-26T10:30:00,2023-07-26T10:29:59,278937,2022-02-23T10:30:00
MNR1,Minister of Natural Resources,Ministre des Ressources naturelles,Seamus O'Regan,"O'Regan, Seamus (Hon.)","O'Regan, Seamus (L’hon.)",2019-11-20T15:00:00,2021-10-26T10:29:59,253374,2020-03-19T15:00:00
MOL,Minister of Official Languages,Ministre des Langues officielles,Ginette Petitpas Taylor,"Petitpas Taylor, Ginette (Hon.)","Petitpas Taylor, Ginette (L’hon.)",2021-10-26T10:30:00,2023-07-26T10:29:59,300036,2022-02-23T10:30:00
MOL,Minister of Official Languages,Ministre des Langues officielles,Mélanie Joly,"Joly, Mélanie (Hon.)","Joly, Mélanie (L’hon.)",2019-11-20T15:00:00,2021-10-26T10:29:59,253380,2020-03-19T15:00:00
MPS,Minister of Public Safety,Ministre de la sécurité publique,Marco Mendicino,"Mendicino, Marco (Hon.)","Mendicino, Marco (L’hon.)",2021-10-26T10:30:00,2023-07-26T10:29:59,278921,2022-02-23T10:30:00
MPSDIIA,"Minister of Public Safety, Democratic Institutions and Intergovernmental Affairs","Ministre de la sécurité publique, des institutions démocratiques et des affaires intergouvernementales",Dominic LeBlanc,"LeBlanc, Dominic (Hon.)","LeBlanc, Dominic (L’hon.)",2023-07-26T10:30:00,,263834,2023-11-23T10:30:00
MPSEP,Minister of Public Safety and Emergency Preparedness,Ministre de la Sécurité publique et de la Protection civile,Bill Blair,"Blair, Bill (Hon.)","Blair, Bill (L’hon.)",2019-11-20T15:00:00,2021-10-26T10:29:59,278903,2020-03-19T15:00:00
MPSP,Minister of Public Services and Procurement,Ministre des Services publics et de l’Approvisionnement,Jean-Yves Duclos,"Duclos, Jean-Yves (Hon.)","Duclos, Jean-Yves (L’hon.)",2023-07-26T10:30:00,,253369,2023-11-23T10:30:00
MPSP,Minister of Public Services and Procurement,Ministre des Services publics et de l’Approvisionnement,Helena Jaczek,"Jaczek, Helena (Hon.)","Jaczek, Helena (L’hon.)",2022-08-31T10:30:01,2023-07-26T10:29:59,,2022-12-29T10:30:01
MPSP,Minister of Public Services and Procurement,Ministre des Services publics et de l’Approvisionnement,Filomena Tassi,"Tassi, Filomena (Hon.)","Tassi, Filomena (L’hon.)",2021-10-26T10:30:00,2022-08-31T10:30:00,,2022-02-23T10:30:00
MPSP,Minister of Public Services and Procurement,Ministre des Services publics et de l’Approvisionnement,Anita Anand,"Anand, Anita (Hon.)","Anand, Anita (L’hon.)",2019-11-20T15:00:00,2021-10-26T10:29:59,300030,2020-03-19T15:00:00
MRACOA,Minister responsible for the Atlantic Canada Opportunities Agency,Ministre responsable de l’agence de promotion économique du canada atlantique,Gudie Hutchings,"Hutchings, Gudie (Hon.)","Hutchings, Gudie (L’hon.)",2023-07-26T10:30:00,,278915,2023-11-23T10:30:00
MRACOA,Minister responsible for the Atlantic Canada Opportunities Agency,Ministre responsable de l’agence de promotion économique du canada atlantique,Ginette Petitpas Taylor,"Petitpas Taylor, Ginette (Hon.)","Petitpas Taylor, Ginette (L’hon.)",2021-10-26T10:30:00,2023-07-26T10:29:59,300036,2022-02-23T10:30:00
MRCNEDA,Minister responsible for the Canadian Northern Economic Development Agency,Ministre responsable de l’agence canadienne de développement économique du nord,Dan Vandal,"Vandal, Dan (Hon.)","Vandal, Dan (L’hon.)",2021-10-26T10:30:00,,253397,2022-02-23T10:30:00
MRED,Minister of Rural Economic Development,Ministre du Développement économique rural,Gudie Hutchings,"Hutchings, Gudie (Hon.)","Hutchings, Gudie (L’hon.)",2021-10-26T10:30:00,,278915,2022-02-23T10:30:00
MRED,Minister of Rural Economic Development,Ministre du Développement économique rural,Maryam Monsef,"Monsef, Maryam (Hon.)","Monsef, Maryam (L’hon.)",2019-11-20T15:00:00,2021-10-26T10:29:59,253407,2020-03-19T15:00:00
MREDACRQ,Minister responsible for the Economic Development Agency of Canada for the Regions of Quebec,Ministre responsable de l’agence de développement économique du canada pour les régions du québec,Soraya Martinez Ferrada,"Martinez Ferrada, Soraya (Hon.)","Martinez Ferrada, Soraya (L’hon.)",2023-07-26T10:30:00,,,2023-11-23T10:30:00
MREDACRQ,Minister responsible for the Economic Development Agency of Canada for the Regions of Quebec,Ministre responsable de l’agence de développement économique du canada pour les régions du québec,Pascale St-Onge,"St-Onge, Pascale (Hon.)","St-Onge, Pascale (L’hon.)",2021-10-26T10:30:00,2023-07-26T10:29:59,278949,2022-02-23T10:30:00
MRFEDANO,Minister responsible for the Federal Economic Development Agency for Northern Ontario,Ministre responsable de l’agence fédérale de développement économique pour le nord de l’ontario,Patty Hajdu,"Hajdu, Patty (Hon.)","Hajdu, Patty (L’hon.)",2021-10-26T10:30:00,,278911,2022-02-23T10:30:00
MRFEDASO,Minister responsible for the Federal Economic Development Agency for Southern Ontario,Ministre responsable de l’agence fédérale de développement économique pour le sud de l’ontario,Filomena Tassi,"Tassi, Filomena (Hon.)","Tassi, Filomena (L’hon.)",2022-08-31T10:30:01,,,2022-12-29T10:30:01
MRFEDASO,Minister responsible for the Federal Economic Development Agency for Southern Ontario,Ministre responsable de l’agence fédérale de développement économique pour le sud de l’ontario,Helena Jaczek,"Jaczek, Helena (Hon.)","Jaczek, Helena (L’hon.)",2021-10-26T10:30:00,2022-08-31T10:30:00,,2022-02-23T10:30:00
MRPEDAC,Minister responsible for the Pacific Economic Development Agency of Canada,Ministre responsable de l’agence de développement économique du pacifique canada,Harjit S. Sajjan,"Sajjan, Harjit S. (Hon.)","Sajjan, Harjit S. (L’hon.)",2021-10-26T10:30:00,,300020,2022-02-23T10:30:00
MRPEDC,Minister responsible for Prairies Economic Development Canada,Ministre responsable de développement économique canada pour les prairies,Dan Vandal,"Vandal, Dan (Hon.)","Vandal, Dan (L’hon.)",2021-10-26T10:30:00,,253397,2022-02-23T10:30:00
MS,Minister of Seniors,Ministre des Aînés,Kamal Khera,"Khera, Kamal (Hon.)","Khera, Kamal (L’hon.)",2021-10-26T10:30:00,2023-07-26T10:29:59,278919,2022-02-23T10:30:00
MS,Minister of Seniors,Ministre des Aînés,Deb Schulte,"Schulte, Deb (Hon.)","Schulte, Deb (L’hon.)",2019-11-20T15:00:00,2021-10-26T10:29:59,253377,2020-03-19T15:00:00
MS1,Minister of Sport,Ministre des sports,Pascale St-Onge,"St-Onge, Pascale (Hon.)","St-Onge, Pascale (L’hon.)",2021-10-26T10:30:00,2023-07-26T10:29:59,278949,2022-02-23T10:30:00
MSB,Minister of Small Business,Ministre de la petite entreprise,Rechie Valdez,"Valdez, Rechie (Hon.)","Valdez, Rechie (L’hon.)",2023-07-26T10:30:00,,300000,2023-11-23T10:30:00
MSBEP,Minister of Small Business and Export Promotion,Ministre de la Petite Entreprise et de la Promotion des exportations,Mary Ng,"Ng, Mary (Hon.)","Ng, Mary (L’hon.)",2018-07-18T10:00:00,2021-10-26T10:29:59,253401,2018-11-15T10:00:00
MSPA,Minister of Sport and Physical Activity,Ministre des sports et de l’activité physique,Carla Qualtrough,"Qualtrough, Carla (Hon.)","Qualtrough, Carla (L’hon.)",2023-07-26T10:30:00,,300028,2023-11-23T10:30:00
MT,Minister of Transport,Ministre des Transports,Pablo Rodriguez,"Rodriguez, Pablo (Hon.)","Rodriguez, Pablo (L’hon.)",2023-07-26T10:30:00,,300025,2023-11-23T10:30:00
MT,Minister of Transport,Ministre des Transports,Omar Alghabra,"Alghabra, Omar (Hon.)","Alghabra, Omar (L’hon.)",2021-01-12T00:00:00,2023-07-26T10:29:59,271245,2021-05-12T00:00:00
MT,Minister of Transport,Ministre des Transports,Marc Garneau,"Garneau, Marc (Hon.)","Garneau, Marc (L’hon.)",2015-11-04T10:45:00,2021-01-11T23:59:59,214333,2016-03-03T10:45:00
MT1,Minister of Tourism,Ministre du tourisme,Soraya Martinez Ferrada,"Martinez Ferrada, Soraya (Hon.)","Martinez Ferrada, Soraya (L’hon.)",2023-07-26T10:30:00,,,2023-11-23T10:30:00
MT1,Minister of Tourism,Ministre du tourisme,Randy Boissonnault,"Boissonnault, Randy (Hon.)","Boissonnault, Randy (L’hon.)",2021-10-26T10:30:00,2023-07-26T10:29:59,,2022-02-23T10:30:00
MVA,Minister of Veterans Affairs,Ministre des Anciens Combattants,Ginette Petitpas Taylor,"Petitpas Taylor, Ginette (Hon.)","Petitpas Taylor, Ginette (L’hon.)",2023-07-26T10:30:00,,300036,2023-11-23T10:30:00
MVA,Minister of Veterans Affairs,Ministre des Anciens Combattants,Lawrence MacAulay,"MacAulay, Lawrence (Hon.)","MacAulay, Lawrence (L’hon.)",2019-03-01T10:30:01,2023-07-26T10:29:59,246259,2019-06-29T10:30:01
MWGE,Minister for Women and Gender Equality,Ministre des Femmes et de l’Égalité des genres,Maryam Monsef,"Monsef, Maryam (Hon.)","Monsef, Maryam (L’hon.)",2018-12-13T00:00:00,2021-10-26T10:29:59,253407,2019-04-12T00:00:00
MWGEY,Minister for Women and Gender Equality and Youth,Ministre des femmes et de l’égalité des genres et de la jeunesse,Marci Ien,"Ien, Marci (Hon.)","Ien, Marci (L’hon.)",2021-10-26T10:30:00,,278916,2022-02-23T10:30:00
PKPCC,President of the King’s Privy Council for Canada,Président du conseil privé du roi pour le canada,Harjit S. Sajjan,"Sajjan, Harjit S. (Hon.)","Sajjan, Harjit S. (L’hon.)",2023-07-26T10:30:00,,300020,2023-11-23T10:30:00
PM,Prime Minister,Premier ministre,Justin Trudeau,"Trudeau, Justin (Right Hon.)","Trudeau, Justin (Le très hon.)",2015-11-04T10:45:00,,214296,2016-03-03T10:45:00
PQPCC,President of the Queen’s Privy Council for Canada,Président du Conseil privé de la Reine pour le Canada,Bill Blair,"Blair, Bill (Hon.)","Blair, Bill (L’hon.)",2021-10-26T10:30:00,2022-10-10T23:59:59,278903,2022-02-23T10:30:00
PQPCC,President of the Queen’s Privy Council for Canada,Président du Conseil privé de la Reine pour le Canada,Dominic LeBlanc,"LeBlanc, Dominic (Hon.)","LeBlanc, Dominic (L’hon.)",2019-11-20T15:00:00,2021-10-26T10:29:59,263834,2020-03-19T15:00:00
PTB,President of the Treasury Board,Président du Conseil du Trésor,Anita Anand,"Anand, Anita (Hon.)","Anand, Anita (L’hon.)",2023-07-26T10:30:00,,300030,2023-11-23T10:30:00
PTB,President of the Treasury Board,Président du Conseil du Trésor,Mona Fortier,"Fortier, Mona (Hon.)","Fortier, Mona (L’hon.)",2021-10-26T10:30:00,2023-07-26T10:29:59,278907,2022-02-23T10:30:00
PTB,President of the Treasury Board,Président du Conseil du Trésor,Jean-Yves Duclos,"Duclos, Jean-Yves (Hon.)","Duclos, Jean-Yves (L’hon.)",2019-11-20T15:00:00,2021-10-26T10:29:59,253369,2020-03-19T15:00:00
SRP,Special Representative for the Prairies,Représentant spécial pour les Prairies,Jim Carr,"Carr, Jim (Hon.)","Carr, Jim (L’hon.)",2021-01-12T00:00:00,2021-10-26T10:29:59,,2021-05-12T00:00:00
